Commands,,,Tx,Rx,Tx,Rx,Tx,Rx,Tx,Rx
Nexteer connect,,7CC;7CD,02 10 7E 00 00 00 00 00,06 50 7E 00 00 00 00 00,,,,,,
Write Polarity,01 18 10 00 = polarity,7CC;7CD,07 2E FD 03 01 18 10 00 ,03 6E FD 03 00 00 00 00,,,,,,
Write BEMF,,7CC;7CD,05 2E FD C0 00 00 00 00 ,03 6E FD C0 00 00 00 00,,,,,,
Write Torque Scale Sensors T1,,7CC;7CD,07 2E FD B6 3E 51 EB 85 ,03 6E FD B6 00 00 00 00,,,,,,
Write Torque Scale Sensors T2,,7CC;7CD,07 2E FD B7 3E 51 EB 85 ,03 6E FD B7 00 00 00 00,,,,,,
Trim HW Torque Sensors T1,,7CC;7CD,04 31 01 FD A4 00 00 00 ,04 71 01 FD A4 00 00 00,,,,,,
Trim HW Torque Sensors T2,,7CC;7CD,04 31 01 FD A5 00 00 00 ,04 71 01 FD A5 00 00 00,,,,,,
Read HW Torque Trim Performed Sensors T1,,7CC;7CD,03 22 FD BC 00 00 00 00 ,04 62 FD BC 01 00 00 00,,,,,,
Read HW Torque Trim Performed Sensors T2,,7CC;7CD,03 22 FD BD 00 00 00 00 ,04 62 FD BD 01 00 00 00,,,,,,
Write EOL Offset values to defaults,,7CC;7CD,10 37 2E FD F5 48 F4 24 ,30 00 0A 00 00 00 00 00 ,21 00 BD 4C CC CD BD 4C |22 CC CD BD 4C CC CD 00 |23 00 00 00 00 00 00 00|24 00 00 00 00 3F C0 00 |25 00 3F C0 00 00 3F C0 |26 00 00 3F C0 00 00 3F|27 C0 00 00 3F C0 00 00,xx xx xx xx 00 00 00 00 ,,,,
Write EOL Gain values to defaults,,7CC;7CD,10 1B 2E FD F4 42 BE 00  ,30 08 0A 00 00 00 00 00 ,21 00 42 BE 00 00 43 BE |22 B3 33 43 05 4C CD 43 |23 05 4C CD 43 05 4C CD,xx xx xx xx 00 00 00 00 ,,,,
Write Serial Number,,7CC;7CD,10 17 2E FD 30 03 A6 9E ,30 08 0A 00 00 00 00 00,21 A2 00 00 00 00 00 00  |22 00 00 00 00 00 00 00 |23 00 00 00 00 00 00 00,03 6E FD 30 00 00 00 00 ,,,,
Write Hardware Part Number,,7CC;7CD,10 17 2E FD 32 32 38 33,30 08 0A 00 00 00 00 00,21 31 36 34 38 39 20 30  |22 30 39 00 00 00 00 00 |23 00 00 00 00 00 00 00 ,03 6E FD 32 00 00 00 00 ,,,,
Write EPS Serial Number,,7CC;7CD,10 17 2E FD 31 00 00 00 ,30 08 0A 00 00 00 00 00,21 00 00 00 00 00 00 00  |22 00 00 00 00 00 00 00 |23 00 00 00 00 00 00 00 ,03 6E FD 31 00 00 00 00 ,,,,
Read MEC Counter,,7CC;7CD,03 22 FD 02 00 00 00 00 ,04 62 FD 02 FE 00 00 00,,,,,,
MCU Reset,,7CC;7CD,02 11 60 00 00 00 00 00,03 7F 11 78 00 00 00 00,02 11 60 00 00 00 00 00,02 51 60 00 00 00 00 00,,,,
Read System State,,7CC;7CD,03 22 FD 00 00 00 00 00 ,04 62 FD 00 03 00 00 00 ,,,,,,
Read First Motor Position,,7CC;7CD,03 22 F2 3F 00 00 00 00,07 62 F2 3F 00 19 00 00,,,,,,
Manufacturing Diagnostic Defeat,,7CC;7CD,04 31 01 F1 50 00 00 00 ,04 71 01 F1 50 00 00 00 ,,,,,,
Perform Current Offset ,,7CC;7CD,04 31 01 FD F1 00 00 00 ,04 71 01 FD F1 00 00 00 ,,,,,,
Current Offset Status,,7CC;7CD,04 31 03 FD F1 00 00 00 ,05 71 03 FD F1 02 00 00 ,,,,,,
Enable Engine Run,,7CC;7CD,04 31 01 F1 00 00 00 00,04 71 01 F1 00 xx xx xx,,,,,,
Perform Current Gain ,,7CC;7CD,04 31 01 FD F0 00 00 00 ,04 71 01 FD F0 xx xx xx,,,,,,
Current Gain Status,,7CC;7CD,04 31 03 FD F0 00 00 00 ,05 71 03 FD F0 02 xx xx ,,,,,,
Disable Torque Ramp Down ,,7CC;7CD,04 31 01 F1 01 00 00 00,04 71 01 F1 01 xx xx xx ,,,,,,
Disable Engine Run,,7CC;7CD,04 31 02 F1 00 00 00 00,04 71 02 F1 00 xx xx xx,,,,,,
Set Vehicle Speed Override,,7CC;7CD,10 08 2F FD 42 03 00 00,30 08 0A 00 00 00 00 00,21 00 00 00 00 00 00 00,10 08 6F FD 42 03 00 00,30 00 00 00 00 00 00 00,21 00 00 xx xx xx xx xx,,
Read Offset Values Using FD F5,,7CC;7CD,03 22 FD F5 00 00 00 00 ,10 37 62 FD xx xx xx xx ,30 08 0A 00 00 00 00 00,21 00 xx xx xx xx xx xx |22 xx xx xx xx xx xx 00 | 23 00 00 00 00 00 00 00 | 24 00 00 00 00 xx xx xx |25 xx xx xx xx xx xx xx |26 xx xx xx xx 00 00 xx |27 C0 00 00 xx xx 00 00,,,,
Read Gain Values Using FD F4,,7CC;7CD,03 22 FD F4 00 00 00 00 ,10 1B 62 FD F4 xx xx 00 ,30 08 0A 00 00 00 00 00,21 00 xx xx 00 00 xx xx |22 00 00 xx xx 00 00 xx | 23 xx 00 00 xx xx 00 00,,,,
Clear Nexteer NTCs,,7CC;7CD,04 31 01 FD 70 00 00 00 ,04 71 01 FD 70 xx xx xx ,,,,,,
Read Second Motor Position,,7CC;7CD,03 22 F2 3F 00 00 00 00,07 62 F2 3F 00 xx 00 00,,,,,,
Read ECU Software ID,,7CC;7CD,03 22 F1 94 00 00 00 00 ,10 13 62 F1 94 xx xx xx,30 08 0A 00 00 00 00 00,21 xx xx xx xx xx xx xx |22 xx xx xx xx xx xx xx,,,,
Read Internal Software Version,,7CC;7CD,03 22 F1 95 00 00 00 00 ,10 13 62 F1 95 41 00 00 ,30 08 0A 00 00 00 00 00,21 00 00 00 00 00 00 00 |22 xx xx xx xx xx xx xx,,,,
Read Bootloader ID,,7CC;7CD,03 22 F1 F0 00 00 00 00,10 13 62 F1 F0 00 00 00,30 08 0A 00 00 00 00 00,21 00 00 00 00 00 00 00 |22 xx xx xx xx xx xx xx,,,,
Read Bootloader Software Version,,7CC;7CD,03 22 F1 F1 00 00 00 00 ,10 13 62 F1 F1 xx xx xx ,30 08 0A 00 00 00 00 00,21 xx xx xx xx xx 00 00 |22 00 00 00 00 00 00 xx ,,,,
Read Calibration Release 0,,7CC;7CD,03 22 F1 F2 00 00 00 00 ,10 08 62 F1 F2 00 00 52,30 08 0A 00 00 00 00 00,21 xx xx xx xx xx xx xx,,,,
Read Calibration Release 1,,7CC;7CD,03 22 F1 F3 00 00 00 00 ,10 08 62 F1 F3 00 00 26,30 08 0A 00 00 00 00 00,21 xx xx xx xx xx xx xx,,,,
Read Calibration Release 2,,7CC;7CD,03 22 F1 F4 00 00 00 00 ,10 08 62 F1 F4 00 00 26,30 08 0A 00 00 00 00 00,21 xx xx xx xx xx xx xx,,,,
Read Motor Angle 0,,7CC;7CD,03 22 F2 30 00 00 00 00,xx 62 F2 30 xx xx xx xx,,,,,,
Read Motor Angle 1 ,,7CC;7CD,03 22 F2 31 00 00 00 00,xx 62 F2 31 xx xx xx xx,,,,,,
Set Motor Torque Command ,,7CC;7CD,10 08 2F FD 40 03 00 00 ,30 08 0A 00 00 00 00 00,21 00 00 00 00 00 00 00 ,10 xx xx xx xx xx 00 00,30 00 00 00 00 00 00 00,21 00 00 xx xx xx xx xx,,
Stop Motor Torque Command,,7CC;7CD,10 08 2F FD 40 03 00 00 ,30 08 0A 00 00 00 00 00,21 00 00 00 00 00 00 00 ,10 08 6F FD 40 03 00 00,30 00 00 00 00 00 00 00,21 00 00 xx xx xx xx xx,,
Read NTCs,,7CC;7CD,03 22 FD 60 00 00 00 00 ,10 67 62 FD 60 00 xx 00 ,30 00 0A 00 00 00 00 00,21 xx xx xx xx xx xx xx |22 00 00 xx 00 00 00 00 |23 xx 00 00 00 00 xx 00 |24 00 00 00 xx 00 00 00 |25 00 xx 00 00 00 00 xx |26 00 00 00 00 xx 00 00 |27 00 00 xx 00 00 00 00 |28 xx 00 00 00 00 xx 00 |29 00 00 00 xx 00 00 00 |2A 00 xx 00 00 00 00 xx |2B 00 00 00 00 xx 00 00 |2C 00 00 xx 00 00 00 00 |2D xx 00 00 00 00 xx 00 |2E 00 00 00 xx 00 00 xx,,,,
Read Serial Number,,7CC;7CD,03 22 FD 30 00 00 00 00 ,10 17 62 FD 30 xx xx xx,30 00 0A 00 00 00 00 00,21 00 00 00 00 00 00 00|22 00 00 00 00 00 00 00|23 00 00 00 00 00 00 00,,,,
Read HW Part Number,,7CC;7CD,03 22 FD 32 00 00 00 00 ,10 17 62 FD 32 32 38 33,30 00 0A 00 00 00 00 00,21 00 00 00 00 00 00 00|22 00 00 00 00 00 00 00|23 00 00 00 00 00 00 00,,,,
Read Polarity,,7CC;7CD,03 22 FD 03 00 00 00 00 ,07 62 FD 03 00 00 00 00,,,,,,
Set NVM Access Defeat,,7CC;7CD,04 31 01 FE EE 00 00 00 ,04 71 01 FE EE 00 00 00 ,,,,,,
Read Software Release,,7CC;7CD,03 22 F1 FD 00 00 00 00 ,07 62 F1 FD XX XX XX XX,,,,,,
Read Software Build Date,,7CC;7CD,03 22 F1 FF 00 00 00 00 ,07 62 F1 FF XX XX XX XX,,,,,,
Write Single Inverter Hardware value,,7CC;7CD,04 2E FE DF 01 00 00 00,03 6E FE DF 00 00 00 00,,,,,,
Write Dual Inverter Hardware value,,7CC;7CD,04 2E FE DF 02 00 00 00,03 6E FE DF 00 00 00 00,,,,,,
Read Single Inverter HW Value,,7CC;7CD,03 22 FE DF 00 00 00 00,04 62 FE DF 00 00 00 00,,,,,,
Read Dual Inverter HW Value,,7CC;7CD,03 22 FE DF 00 00 00 00,04 62 FE DF 00 00 00 00,,,,,,
Write MEC Counter FF,,7CC;7CD,04 2E FD 02 FF 00 00 00 ,03 6E FD 02 00 00 00 00,,,,,,
Write MEC Counter FE,,7CC;7CD,04 2E FD 02 FE 00 00 00 ,03 6E FD 02 00 00 00 00,,,,,,
Read BEMF,,7CC;7CD,03 22 FD C0 00 00 00 00 ,05 62 FD C0 00 00 00 00,,,,,,
Read Torque 1 FDB6,,7CC;7CD,03 22 FD B6 00 00 00 00 ,07 62 FD B6 00 00 00 00,,,,,,
Read Torque 2 FDB7,,7CC;7CD,03 22 FD B7 00 00 00 00 ,07 62 FD B7 00 00 00 00,,,,,,
Read Torque Trim 1 FDB4,,7CC;7CD,03 22 FD B4 00 00 00 00 ,07 62 FD B4 00 00 00 00,,,,,,
Read Torque Trim 2 FDB5,,7CC;7CD,03 22 FD B5 00 00 00 00 ,07 62 FD B5 00 00 00 00,,,,,,
Write Torque Trim 1 FDB4,,7CC;7CD,07 2E FD B4 00 00 00 00 ,03 6E FD B4 00 00 00 00,,,,,,
Write Torque Trim 2 FDB5,,7CC;7CD,07 2E FD B5 00 00 00 00 ,03 6E FD B5 00 00 00 00,,,,,,
XCP connect,,7AE;7B0,FF 00 00 00 00 00 00 00,FF xx xx xx xx xx xx xx,,,,,,
Read HW Torque T1,,7AE;7B0,F4 04 00 00 60 C3 BE FE,FF xx xx xx xx xx xx xx,,,,,,
Read HW Torque T2,,7AE;7B0,F4 04 00 00 64 C3 BE FE,FF xx xx xx xx xx xx xx,,,,,,
Read Motor Speed ,,7AE;7B0,F4 04 00 00 E0 C3 BE FE ,FF XX XX XX XX xx xx xx,,,,,,
Read Temperature  ,,7AE;7B0,F4 04 00 00 0C C5 BE FE,FF xx xx xx xx xx xx xx,,,,,,
Battery Voltage  ,,7AE;7B0,F4 04 00 00 20 C4 BE FE,FF xx xx xx xx xx xx xx,,,,,,
Read Motor Current   ,,7AE;7B0,F4 04 00 00 A8 C3 BE FE,FF xx xx xx xx xx xx xx,,,,,,